{
  "id": "a644b0ac-985e-4bc6-aa9e-798c313b59ac",
  "name": "Accounts",
  "isOverridable": true,
  "entries": [
    {
      "value": "spaarrekening",
      "synonyms": [
        "Spaarrekening",
        "spaar",
        "spaarvarken",
        "gespaard"
      ]
    },
    {
      "value": "Paul",
      "synonyms": [
        "Paul"
      ]
    },
    {
      "value": "Jennifer",
      "synonyms": [
        "Jennifer",
        "mijn vrouw"
      ]
    },
    {
      "value": "betaalrekening",
      "synonyms": [
        "rekening courant",
        "rc",
        "rekening",
        "betaalrekening"
      ]
    }
  ],
  "isEnum": false,
  "automatedExpansion": false
}