{
  "domain": "smalltalk",
  "customResponses": [
    {
      "action": "smalltalk.greetings",
      "parameters": [
        "simplified: hello"
      ],
      "customAnswers": [
        "How can I help you ?"
      ]
    },
    {
      "action": "smalltalk.greetings",
      "parameters": [
        "simplified: good morning"
      ],
      "customAnswers": [
        "How can I help you ?"
      ]
    },
    {
      "action": "smalltalk.greetings",
      "parameters": [
        "simplified: good evening"
      ],
      "customAnswers": [
        "How can I help you ?"
      ]
    },
    {
      "action": "smalltalk.greetings",
      "parameters": [
        "simplified: nice to meet you"
      ],
      "customAnswers": [
        "How can I help you ?"
      ]
    },
    {
      "action": "smalltalk.greetings",
      "parameters": [
        "simplified: what is up"
      ],
      "customAnswers": [
        "How can I help you ?"
      ]
    },
    {
      "action": "smalltalk.greetings",
      "parameters": [
        "simplified: how are you"
      ],
      "customAnswers": [
        "I\u0027m fine, how can I help you ?"
      ]
    },
    {
      "action": "smalltalk.greetings",
      "parameters": [
        "simplified: nice to talk to you"
      ],
      "customAnswers": [
        "Likewise, how can I help you ?"
      ]
    },
    {
      "action": "smalltalk.greetings",
      "parameters": [
        "simplified: i have to go"
      ],
      "customAnswers": [
        "Bye"
      ]
    },
    {
      "action": "smalltalk.greetings",
      "parameters": [
        "simplified: have a anyinput day"
      ],
      "customAnswers": [
        "Same to you!"
      ]
    },
    {
      "action": "smalltalk.greetings",
      "parameters": [
        "simplified: goodbye"
      ],
      "customAnswers": [
        "Bye"
      ]
    }
  ]
}