[
  {
    "id": "1230480d-a7df-4aee-8fe1-b172a44c69ce",
    "data": [
      {
        "text": "how much did I ",
        "userDefined": false
      },
      {
        "text": "save",
        "alias": "Account",
        "meta": "@Accounts",
        "userDefined": false
      },
      {
        "text": "?",
        "userDefined": false
      }
    ],
    "isTemplate": false,
    "count": 0,
    "updated": 1489002017
  },
  {
    "id": "d14755f1-657d-4a16-84fd-4b0cdf7f940e",
    "data": [
      {
        "text": "how much is in ",
        "userDefined": false
      },
      {
        "text": "my savings account",
        "alias": "Account",
        "meta": "@Accounts",
        "userDefined": false
      },
      {
        "text": " ?",
        "userDefined": false
      }
    ],
    "isTemplate": false,
    "count": 0,
    "updated": 1489002017
  },
  {
    "id": "e81da88b-b42d-4006-9901-88fbef253e14",
    "data": [
      {
        "text": "what is the balance of ",
        "userDefined": false
      },
      {
        "text": "my savings account",
        "alias": "Account",
        "meta": "@Accounts",
        "userDefined": false
      },
      {
        "text": "?",
        "userDefined": false
      }
    ],
    "isTemplate": false,
    "count": 0,
    "updated": 1489002017
  },
  {
    "id": "e71050a1-8ac7-4fce-981d-6c7cc72f4670",
    "data": [
      {
        "text": "is my paycheck in?",
        "userDefined": false
      }
    ],
    "isTemplate": false,
    "count": 0,
    "updated": 0
  },
  {
    "id": "a98534ec-0f28-4ca7-ae7f-6a3927cb0740",
    "data": [
      {
        "text": "how much is in my account?",
        "userDefined": false
      }
    ],
    "isTemplate": false,
    "count": 0,
    "updated": 0
  },
  {
    "id": "0308e16d-d7ca-4024-8291-196cd1c4927d",
    "data": [
      {
        "text": "how much do I have?",
        "userDefined": false
      }
    ],
    "isTemplate": false,
    "count": 0,
    "updated": 0
  },
  {
    "id": "f95bac79-1445-47d5-970d-759fdf40ccd3",
    "data": [
      {
        "text": "what is my balance?",
        "userDefined": false
      }
    ],
    "isTemplate": false,
    "count": 0,
    "updated": 0
  }
]