[
  {
    "id": "d20292c9-7bf5-4a15-8637-f226e21c6c56",
    "data": [
      {
        "text": "Fine",
        "userDefined": false
      }
    ],
    "isTemplate": false,
    "count": 0,
    "updated": 0
  },
  {
    "id": "105b8828-312b-4f22-a36b-e61370e1a388",
    "data": [
      {
        "text": "Good",
        "userDefined": false
      }
    ],
    "isTemplate": false,
    "count": 0,
    "updated": 0
  },
  {
    "id": "53cc38ad-6125-4c97-a595-5df9c7442c57",
    "data": [
      {
        "text": "Confirm",
        "userDefined": false
      }
    ],
    "isTemplate": false,
    "count": 0,
    "updated": 0
  },
  {
    "id": "b778cbf4-3919-4362-9657-a52cef309aeb",
    "data": [
      {
        "text": "Ok",
        "userDefined": false
      }
    ],
    "isTemplate": false,
    "count": 0,
    "updated": 0
  },
  {
    "id": "500e672a-6a38-4a25-a68e-e00a428a4fd6",
    "data": [
      {
        "text": "Yes",
        "userDefined": false
      }
    ],
    "isTemplate": false,
    "count": 0,
    "updated": 0
  }
]