[
  {
    "id": "a920a7d2-5d24-455f-b950-6a359be4a6d5",
    "data": [
      {
        "text": "send ",
        "userDefined": false
      },
      {
        "text": "a buck",
        "alias": "Amount",
        "meta": "@sys.unit-currency",
        "userDefined": true
      },
      {
        "text": " to ",
        "userDefined": false
      },
      {
        "text": "savings",
        "alias": "Account",
        "meta": "@Accounts",
        "userDefined": false
      }
    ],
    "isTemplate": false,
    "count": 0,
    "updated": 1496212152
  },
  {
    "id": "3bd2c47e-e282-4afa-85d1-49badb552ae6",
    "data": [
      {
        "text": "save",
        "alias": "Account",
        "meta": "@Accounts",
        "userDefined": false
      },
      {
        "text": " ",
        "userDefined": false
      },
      {
        "text": "25.50",
        "alias": "Amount",
        "meta": "@sys.unit-currency",
        "userDefined": false
      }
    ],
    "isTemplate": false,
    "count": 0,
    "updated": 1488910734
  },
  {
    "id": "db65ab3a-cfc9-4fbb-8e7f-16156b09cea7",
    "data": [
      {
        "text": "transfer",
        "userDefined": false
      }
    ],
    "isTemplate": false,
    "count": 1,
    "updated": 1488909566
  },
  {
    "id": "f5edeedb-f8d2-4c34-89f7-8b93f10ff9c0",
    "data": [
      {
        "text": "save",
        "alias": "Account",
        "meta": "@Accounts",
        "userDefined": false
      }
    ],
    "isTemplate": false,
    "count": 0,
    "updated": 1488910734
  },
  {
    "id": "cda6d724-6c58-4880-ac30-ffe37fa93a30",
    "data": [
      {
        "text": "transfer ",
        "userDefined": false
      },
      {
        "text": "27 euro",
        "alias": "Amount",
        "meta": "@sys.unit-currency",
        "userDefined": true
      },
      {
        "text": " to my ",
        "userDefined": false
      },
      {
        "text": "savings account",
        "alias": "Account",
        "meta": "@Accounts",
        "userDefined": true
      }
    ],
    "isTemplate": false,
    "count": 0,
    "updated": 1488910734
  },
  {
    "id": "90c560e6-41f3-4e52-a3bc-2e8ce6559576",
    "data": [
      {
        "text": "save",
        "alias": "Account",
        "meta": "@Accounts",
        "userDefined": true
      },
      {
        "text": " ",
        "userDefined": false
      },
      {
        "text": "25 euro",
        "alias": "Amount",
        "meta": "@sys.unit-currency",
        "userDefined": true
      }
    ],
    "isTemplate": false,
    "count": 0,
    "updated": 1488910734
  },
  {
    "id": "6e25c440-6daa-4041-a2f3-433d6774db31",
    "data": [
      {
        "text": "transfer ",
        "userDefined": false
      },
      {
        "text": "15 bucks",
        "alias": "Amount",
        "meta": "@sys.unit-currency",
        "userDefined": true
      },
      {
        "text": " to ",
        "userDefined": false
      },
      {
        "text": "Paul",
        "alias": "Account",
        "meta": "@Accounts",
        "userDefined": true
      }
    ],
    "isTemplate": false,
    "count": 0,
    "updated": 1488910734
  },
  {
    "id": "fa9b5f80-6112-4afa-9297-95c1668d4700",
    "data": [
      {
        "text": "give ",
        "userDefined": false
      },
      {
        "text": "Jennifer",
        "alias": "Account",
        "meta": "@Accounts",
        "userDefined": true
      },
      {
        "text": " ",
        "userDefined": false
      },
      {
        "text": "10 euro",
        "alias": "Amount",
        "meta": "@sys.unit-currency",
        "userDefined": true
      }
    ],
    "isTemplate": false,
    "count": 0,
    "updated": 1488910734
  },
  {
    "id": "8618fa92-7b6c-4a6b-99a8-d5d93c9eb950",
    "data": [
      {
        "text": "transfer ",
        "userDefined": false
      },
      {
        "text": "10 euro",
        "alias": "Amount",
        "meta": "@sys.unit-currency",
        "userDefined": true
      },
      {
        "text": " to ",
        "userDefined": false
      },
      {
        "text": "my savings account",
        "alias": "Account",
        "meta": "@Accounts",
        "userDefined": true
      }
    ],
    "isTemplate": false,
    "count": 0,
    "updated": 1488910734
  }
]