{
  "id": "824dc9b5-1654-4cea-a5b7-d75774736634",
  "name": "Accounts",
  "isOverridable": true,
  "entries": [
    {
      "value": "savings account",
      "synonyms": [
        "savings account",
        "my savings account",
        "save"
      ]
    },
    {
      "value": "Paul",
      "synonyms": [
        "Paul"
      ]
    },
    {
      "value": "Jennifer",
      "synonyms": [
        "Jennifer",
        "my wife"
      ]
    },
    {
      "value": "current account",
      "synonyms": [
        "current account"
      ]
    }
  ],
  "isEnum": false,
  "automatedExpansion": false
}