[
  {
    "id": "a81c6e89-bc57-4729-91d3-07430412852c",
    "data": [
      {
        "text": "Ja",
        "userDefined": false
      }
    ],
    "isTemplate": false,
    "count": 0,
    "updated": 1488913191
  },
  {
    "id": "4f62fef9-31d0-4288-9e6e-e313e5b8a050",
    "data": [
      {
        "text": "Oké",
        "userDefined": false
      }
    ],
    "isTemplate": false,
    "count": 0,
    "updated": 1488913191
  },
  {
    "id": "8b2033a6-f3dd-4d65-80d9-26b23f76c46d",
    "data": [
      {
        "text": "Goed",
        "userDefined": false
      }
    ],
    "isTemplate": false,
    "count": 0,
    "updated": 0
  },
  {
    "id": "83cdab17-4080-4bc1-9f77-337595809b87",
    "data": [
      {
        "text": "Bevestigd",
        "userDefined": false
      }
    ],
    "isTemplate": false,
    "count": 0,
    "updated": 0
  },
  {
    "id": "8a881456-e89b-4e5e-9cf5-f6f4eba7769d",
    "data": [
      {
        "text": "Prima",
        "userDefined": false
      }
    ],
    "isTemplate": false,
    "count": 0,
    "updated": 0
  },
  {
    "id": "20d187e0-3ccb-424c-ac66-04dbb429317c",
    "data": [
      {
        "text": "Ok",
        "userDefined": false
      }
    ],
    "isTemplate": false,
    "count": 0,
    "updated": 0
  }
]