[
  {
    "id": "34d822af-c61d-4c10-a560-1a397e1731cf",
    "data": [
      {
        "text": "kunt u mij helpen ?",
        "userDefined": false
      }
    ],
    "isTemplate": false,
    "count": 0,
    "updated": 1490017718
  },
  {
    "id": "e496b448-76be-493a-ab5a-acef4c5853e5",
    "data": [
      {
        "text": "hoi",
        "userDefined": false
      }
    ],
    "isTemplate": false,
    "count": 0,
    "updated": 1490017718
  },
  {
    "id": "dc87bdbb-78d6-4ecd-8f88-f2ff726ff4cd",
    "data": [
      {
        "text": "hallo",
        "userDefined": false
      }
    ],
    "isTemplate": false,
    "count": 0,
    "updated": 1490017718
  }
]