[
  {
    "id": "61a43c58-b704-4bfb-9dcb-664fc00270f8",
    "data": [
      {
        "text": "boek ",
        "userDefined": false
      },
      {
        "text": "5",
        "alias": "Amount",
        "meta": "@sys.number",
        "userDefined": true
      },
      {
        "text": " euro over",
        "userDefined": false
      }
    ],
    "isTemplate": false,
    "count": 0,
    "updated": 1490017855
  },
  {
    "id": "c4980269-c0b7-41c3-84bc-d87d0de7e0b8",
    "data": [
      {
        "text": "spaar",
        "alias": "Account",
        "meta": "@Accounts",
        "userDefined": false
      },
      {
        "text": " €",
        "userDefined": false
      },
      {
        "text": "7",
        "alias": "Amount",
        "meta": "@sys.number",
        "userDefined": false
      }
    ],
    "isTemplate": false,
    "count": 0,
    "updated": 1488912966
  },
  {
    "id": "cdb6b7e1-8253-4556-a425-ae74b68215e1",
    "data": [
      {
        "text": "boek",
        "userDefined": false
      }
    ],
    "isTemplate": false,
    "count": 0,
    "updated": 1488912417
  },
  {
    "id": "65d79737-e1ed-432c-9d7f-c2795ea9e086",
    "data": [
      {
        "text": "spaar",
        "alias": "Account",
        "meta": "@Accounts",
        "userDefined": false
      }
    ],
    "isTemplate": false,
    "count": 0,
    "updated": 1488912037
  },
  {
    "id": "d7ae60e8-e384-457b-a918-8ae923fbc0cc",
    "data": [
      {
        "text": "geef ",
        "userDefined": false
      },
      {
        "text": "mijn vrouw",
        "alias": "Account",
        "meta": "@Accounts",
        "userDefined": false
      },
      {
        "text": " ",
        "userDefined": false
      },
      {
        "text": "5",
        "alias": "Amount",
        "meta": "@sys.number",
        "userDefined": false
      },
      {
        "text": " euro",
        "userDefined": false
      }
    ],
    "isTemplate": false,
    "count": 0,
    "updated": 1488912037
  },
  {
    "id": "96e9f5fe-e831-4f04-94db-7dd9d15ff37e",
    "data": [
      {
        "text": "boek ",
        "userDefined": false
      },
      {
        "text": "24",
        "alias": "Amount",
        "meta": "@sys.number",
        "userDefined": false
      },
      {
        "text": " euro over naar de ",
        "userDefined": false
      },
      {
        "text": "spaarrekening",
        "alias": "Account",
        "meta": "@Accounts",
        "userDefined": false
      }
    ],
    "isTemplate": false,
    "count": 0,
    "updated": 1488912037
  },
  {
    "id": "f55e1e35-bfd0-4db7-ad89-97e888bb3680",
    "data": [
      {
        "text": "boek ",
        "userDefined": false
      },
      {
        "text": "12,5",
        "alias": "Amount",
        "meta": "@sys.number",
        "userDefined": false
      },
      {
        "text": " euro over naar ",
        "userDefined": false
      },
      {
        "text": "Paul",
        "alias": "Account",
        "meta": "@Accounts",
        "userDefined": false
      }
    ],
    "isTemplate": false,
    "count": 0,
    "updated": 1488912037
  },
  {
    "id": "0512eba9-5bf8-425d-b888-0deaa1054cd6",
    "data": [
      {
        "text": "spaar",
        "alias": "Account",
        "meta": "@Accounts",
        "userDefined": true
      },
      {
        "text": " ",
        "userDefined": false
      },
      {
        "text": "5",
        "alias": "Amount",
        "meta": "@sys.number",
        "userDefined": true
      },
      {
        "text": " euro",
        "userDefined": false
      }
    ],
    "isTemplate": false,
    "count": 0,
    "updated": 1488912037
  }
]