[
  {
    "id": "d936de40-aec4-4c5f-a08e-46dd2dfbd45a",
    "data": [
      {
        "text": "hoeveel heb ik ",
        "userDefined": false
      },
      {
        "text": "gespaard",
        "alias": "Account",
        "meta": "@Accounts",
        "userDefined": false
      },
      {
        "text": " ?",
        "userDefined": false
      }
    ],
    "isTemplate": false,
    "count": 0,
    "updated": 1490037630
  },
  {
    "id": "206d5ff5-40e3-4215-8a65-a358ef30ad0c",
    "data": [
      {
        "text": "Wat zit er in mijn ",
        "userDefined": false
      },
      {
        "text": "spaarvarken",
        "alias": "Account",
        "meta": "@Accounts",
        "userDefined": false
      },
      {
        "text": " ?",
        "userDefined": false
      }
    ],
    "isTemplate": false,
    "count": 0,
    "updated": 1490030496
  },
  {
    "id": "aff9ae34-a255-47d5-9be1-7fa69fde43d7",
    "data": [
      {
        "text": "Is mijn salaris al binnen ?",
        "userDefined": false
      }
    ],
    "isTemplate": false,
    "count": 0,
    "updated": 1490022358
  },
  {
    "id": "c39cd64f-a910-45a8-a551-7c6b174e8c1b",
    "data": [
      {
        "text": "Wat heb ik ",
        "userDefined": false
      },
      {
        "text": "gespaard",
        "alias": "Account",
        "meta": "@Accounts",
        "userDefined": true
      },
      {
        "text": " ?",
        "userDefined": false
      }
    ],
    "isTemplate": false,
    "count": 0,
    "updated": 1490022358
  },
  {
    "id": "14e3bb34-4642-4050-9f8a-6b9faf2edb8d",
    "data": [
      {
        "text": "Hoeveel staat er op mijn ",
        "userDefined": false
      },
      {
        "text": "rekening courant",
        "alias": "Account",
        "meta": "@Accounts",
        "userDefined": true
      },
      {
        "text": " ?",
        "userDefined": false
      }
    ],
    "isTemplate": false,
    "count": 0,
    "updated": 1490022358
  },
  {
    "id": "734adf3e-1f16-478e-9913-0855b0527802",
    "data": [
      {
        "text": "Wat is het saldo op mijn ",
        "userDefined": false
      },
      {
        "text": "spaarrekening",
        "alias": "Account",
        "meta": "@Accounts",
        "userDefined": false
      },
      {
        "text": " ?",
        "userDefined": false
      }
    ],
    "isTemplate": false,
    "count": 0,
    "updated": 1490022358
  },
  {
    "id": "448c9e5b-741c-4a67-bb5d-f7c81b7624c7",
    "data": [
      {
        "text": "Wat is mijn saldo ?",
        "userDefined": false
      }
    ],
    "isTemplate": false,
    "count": 0,
    "updated": 0
  },
  {
    "id": "5eb9882d-9fcc-47cc-942d-3cbc0ce0db5e",
    "data": [
      {
        "text": "Hoeveel heb ik ?",
        "userDefined": false
      }
    ],
    "isTemplate": false,
    "count": 0,
    "updated": 0
  }
]