[
  {
    "id": "32bca1ae-d389-418d-aa4e-74118ab7524a",
    "data": [
      {
        "text": "Niet doen",
        "userDefined": false
      }
    ],
    "isTemplate": false,
    "count": 0,
    "updated": 1488912528
  },
  {
    "id": "a605d730-9a4b-4018-9c63-bb306877bbd5",
    "data": [
      {
        "text": "Nee",
        "userDefined": false
      }
    ],
    "isTemplate": false,
    "count": 0,
    "updated": 1488912528
  },
  {
    "id": "d58b2e8a-ecad-455d-b4a1-ab2d6b1356e5",
    "data": [
      {
        "text": "Stop",
        "userDefined": false
      }
    ],
    "isTemplate": false,
    "count": 0,
    "updated": 0
  }
]